{"cameraMode":{"drawMode":0,"name":"Shaded","section":"Shading Mode"},"sceneLighting":false,"audioPlay":false,"sceneViewState":{"m_AlwaysRefresh":false,"showFog":true,"showSkybox":false,"showFlares":true,"showImageEffects":true,"showParticleSystems":true,"showVisualEffectGraphs":true,"m_FxEnabled":true},"in2DMode":false,"pivot":{"x":-12.364479064941407,"y":0.5299785733222961,"z":7.911035060882568},"rotation":{"x":0.07274977117776871,"y":-0.04785439744591713,"z":0.0034936738666146995,"w":0.9961990118026733},"size":3.481567144393921,"orthographic":false}