{"cameraMode":{"drawMode":0,"name":"Shaded","section":"Shading Mode"},"sceneLighting":false,"audioPlay":false,"sceneViewState":{"m_AlwaysRefresh":false,"showFog":true,"showSkybox":false,"showFlares":true,"showImageEffects":true,"showParticleSystems":true,"showVisualEffectGraphs":true,"m_FxEnabled":true},"in2DMode":false,"pivot":{"x":14.421333312988282,"y":1.9356814622879029,"z":0.1013256311416626},"rotation":{"x":0.14359882473945619,"y":0.10371119529008866,"z":-0.015133798122406006,"w":0.9840853810310364},"size":2.602782726287842,"orthographic":false}